{"cameraMode":{"drawMode":0,"name":"Shaded","section":"Shading Mode"},"sceneLighting":false,"audioPlay":false,"sceneViewState":{"showFog":true,"showMaterialUpdate":true,"showSkybox":false,"showFlares":true,"showImageEffects":true,"showParticleSystems":true,"showVisualEffectGraphs":true,"m_FxEnabled":true},"in2DMode":false,"pivot":{"x":-0.056380271911621097,"y":-0.20805788040161134,"z":3.8583335876464845},"rotation":{"x":-0.04227788373827934,"y":0.03862544894218445,"z":-0.001324829994700849,"w":-0.9983989000320435},"size":11.622063636779786,"orthographic":false}