{"cameraMode":{"drawMode":0,"name":"Shaded","section":"Shading Mode"},"sceneLighting":true,"audioPlay":false,"sceneViewState":{"showFog":true,"showMaterialUpdate":true,"showSkybox":true,"showFlares":true,"showImageEffects":true,"showParticleSystems":true,"showVisualEffectGraphs":true,"m_FxEnabled":true},"in2DMode":false,"pivot":{"x":0.11281359195709229,"y":3.848370313644409,"z":4.216497898101807},"rotation":{"x":-0.04227788373827934,"y":0.03862544894218445,"z":-0.001324829994700849,"w":-0.9983989000320435},"size":8.730259895324707,"orthographic":false}